algorithm,load_chroma,downsample_adaptive,compute_cost,accum_steps,get_path,upsample,output
DTW1,0.004542112350463867,1.5735626220703125e-05,2.3874399662017822,6.999997138977051,0.009000062942504883,5.245208740234375e-06,0.0018434524536132812
DTW1,0.004793643951416016,3.337860107421875e-06,1.1955769062042236,7.813002347946167,0.0020825862884521484,3.337860107421875e-06,0.0009064674377441406
DTW1,0.003044605255126953,3.814697265625e-06,0.8142580986022949,7.266576290130615,0.002210378646850586,5.7220458984375e-06,0.0010972023010253906
DTW1,0.0036017894744873047,1.239776611328125e-05,0.4335479736328125,7.722659111022949,0.002241849899291992,3.0994415283203125e-06,0.001317739486694336
DTW1,0.0026099681854248047,7.3909759521484375e-06,2.265758514404297,7.244337558746338,0.01001286506652832,6.198883056640625e-06,0.002205371856689453
DTW1,0.004350185394287109,2.384185791015625e-06,1.032358169555664,10.069154977798462,0.004568338394165039,4.5299530029296875e-06,0.0013000965118408203
DTW1,0.0047037601470947266,5.7220458984375e-06,1.440648078918457,9.902772903442383,0.027558088302612305,4.5299530029296875e-06,0.0008533000946044922
DTW1,0.002613544464111328,2.86102294921875e-06,0.7752780914306641,8.193979024887085,0.002270221710205078,2.384185791015625e-06,0.0008137226104736328
DTW1,0.005040407180786133,9.5367431640625e-06,2.477747678756714,10.172234773635864,0.0072138309478759766,3.5762786865234375e-06,0.0013375282287597656
DTW1,0.002512693405151367,8.106231689453125e-06,1.0030734539031982,8.510915517807007,0.0030066967010498047,4.0531158447265625e-06,0.0009307861328125
DTW1,0.015450000762939453,4.291534423828125e-06,0.9153039455413818,7.676211357116699,0.0020940303802490234,2.86102294921875e-06,0.000762939453125
DTW1,0.002645254135131836,3.337860107421875e-06,0.5161771774291992,6.24077582359314,0.006575345993041992,4.76837158203125e-06,0.0007765293121337891
DTW1,0.005739450454711914,2.4557113647460938e-05,2.296574115753174,7.919347286224365,0.025472640991210938,3.814697265625e-06,0.0010313987731933594
DTW1,0.0031774044036865234,1.0728836059570312e-05,0.5703480243682861,7.356876373291016,0.0022208690643310547,4.291534423828125e-06,0.0007612705230712891
DTW1,0.002496480941772461,4.0531158447265625e-06,0.42536067962646484,6.704007863998413,0.005046844482421875,3.337860107421875e-06,0.001132965087890625
DTW1,0.0035858154296875,4.291534423828125e-06,0.8170266151428223,8.388260841369629,0.0028526782989501953,4.291534423828125e-06,0.0009305477142333984
DTW1,0.005979299545288086,1.3828277587890625e-05,2.059748649597168,9.332199811935425,0.005652189254760742,5.7220458984375e-06,0.0013418197631835938
DTW1,0.004221200942993164,5.4836273193359375e-06,1.7732768058776855,9.469321250915527,0.0031452178955078125,3.814697265625e-06,0.0010678768157958984
DTW1,0.003893613815307617,5.0067901611328125e-06,0.931180477142334,8.979948043823242,0.0028467178344726562,2.86102294921875e-06,0.0008766651153564453
DTW1,0.002310514450073242,2.1457672119140625e-06,0.8748493194580078,9.235841512680054,0.0022301673889160156,3.0994415283203125e-06,0.0007605552673339844
DTW1,0.006158113479614258,1.430511474609375e-05,2.0369107723236084,7.7155632972717285,0.0004591941833496094,2.384185791015625e-06,0.001125335693359375
DTW1,0.06627321243286133,4.0531158447265625e-06,1.1030113697052002,8.369680166244507,0.0005772113800048828,3.5762786865234375e-06,0.0006561279296875
DTW1,0.0037543773651123047,5.245208740234375e-06,0.6227512359619141,7.986114501953125,0.00029015541076660156,3.337860107421875e-06,0.0005755424499511719
DTW1,0.013404607772827148,3.337860107421875e-06,0.6998605728149414,7.898238182067871,0.0002624988555908203,1.430511474609375e-06,0.02481245994567871
DTW1,0.006427764892578125,1.33514404296875e-05,1.3107357025146484,7.466156721115112,0.00024890899658203125,2.384185791015625e-06,0.0005090236663818359
DTW1,0.02686619758605957,2.6226043701171875e-06,0.49605393409729004,7.825847387313843,0.00021505355834960938,1.6689300537109375e-06,0.0004551410675048828
DTW1,0.002910614013671875,2.86102294921875e-06,0.5763025283813477,8.016649007797241,0.00040984153747558594,3.0994415283203125e-06,0.0009846687316894531
DTW1,0.004704713821411133,5.0067901611328125e-06,0.9097859859466553,8.363653898239136,0.00022673606872558594,2.6226043701171875e-06,0.0004410743713378906
DTW1,0.0055005550384521484,9.5367431640625e-06,2.267002820968628,9.485731840133667,0.00024175643920898438,1.6689300537109375e-06,0.0005087852478027344
DTW1,0.0057413578033447266,4.5299530029296875e-06,0.8954660892486572,9.409927368164062,0.00041222572326660156,2.6226043701171875e-06,0.0006017684936523438
DTW1,0.0045621395111083984,5.0067901611328125e-06,0.9362494945526123,6.658890247344971,0.00012564659118652344,2.384185791015625e-06,0.0003693103790283203
DTW1,0.001771688461303711,2.384185791015625e-06,0.48270225524902344,6.4373204708099365,0.0003368854522705078,3.5762786865234375e-06,0.0006461143493652344
DTW1,0.0063054561614990234,1.3828277587890625e-05,1.5424206256866455,7.243742942810059,0.0003745555877685547,2.384185791015625e-06,0.000980377197265625
DTW1,0.014019250869750977,2.86102294921875e-06,0.9208924770355225,8.138948917388916,0.00055694580078125,2.1457672119140625e-06,0.0005774497985839844
DTW1,0.0029251575469970703,3.0994415283203125e-06,0.5968723297119141,8.526196956634521,0.00028896331787109375,3.5762786865234375e-06,0.0006644725799560547
DTW2,0.0030889511108398438,3.337860107421875e-06,0.7175817489624023,8.09329867362976,0.0027675628662109375,6.4373016357421875e-06,0.001211404800415039
DTW2,0.002670764923095703,6.198883056640625e-06,2.0409932136535645,7.243463754653931,0.006657123565673828,4.5299530029296875e-06,0.0016639232635498047
DTW2,0.004643678665161133,3.337860107421875e-06,0.708305835723877,7.569204568862915,0.004518985748291016,3.814697265625e-06,0.0009696483612060547
DTW2,0.004926919937133789,4.291534423828125e-06,0.746657133102417,7.5574049949646,0.0032405853271484375,5.9604644775390625e-06,0.0010504722595214844
DTW2,0.0029578208923339844,3.337860107421875e-06,0.5408129692077637,7.774912118911743,0.0033369064331054688,5.245208740234375e-06,0.0010690689086914062
DTW2,0.006224155426025391,1.239776611328125e-05,2.7462046146392822,9.635926008224487,0.007354021072387695,6.198883056640625e-06,0.002696514129638672
DTW2,0.030005931854248047,5.7220458984375e-06,1.1046411991119385,8.278452634811401,0.007936477661132812,4.5299530029296875e-06,0.0011587142944335938
DTW2,0.0032460689544677734,4.0531158447265625e-06,0.9858546257019043,8.63784146308899,0.023797988891601562,5.7220458984375e-06,0.0008361339569091797
DTW2,0.004663944244384766,1.6450881958007812e-05,0.7688641548156738,8.61946177482605,0.002322673797607422,3.337860107421875e-06,0.0007607936859130859
DTW2,0.004147768020629883,8.58306884765625e-06,2.534592866897583,11.481786251068115,0.01628565788269043,7.3909759521484375e-06,0.0031104087829589844
DTW2,0.011316061019897461,7.3909759521484375e-06,0.9570407867431641,7.468571662902832,0.002769947052001953,5.0067901611328125e-06,0.0007953643798828125
DTW2,0.016576528549194336,1.5735626220703125e-05,0.8236594200134277,7.944404363632202,0.0031290054321289062,2.86102294921875e-06,0.0008494853973388672
DTW2,0.004028797149658203,5.4836273193359375e-06,0.8426158428192139,6.996874094009399,0.0028066635131835938,3.5762786865234375e-06,0.0009799003601074219
DTW2,0.0058841705322265625,1.2874603271484375e-05,2.506256341934204,7.549594163894653,0.009830474853515625,7.3909759521484375e-06,0.0015561580657958984
DTW2,0.005121469497680664,9.059906005859375e-06,1.0020418167114258,7.549238443374634,0.002016782760620117,3.0994415283203125e-06,0.0008432865142822266
DTW2,0.0034890174865722656,2.86102294921875e-06,0.7899818420410156,8.567026853561401,0.0025184154510498047,3.337860107421875e-06,0.0009558200836181641
DTW2,0.003438711166381836,3.337860107421875e-06,0.8039085865020752,9.354471445083618,0.018738269805908203,6.198883056640625e-06,0.0008251667022705078
DTW2,0.005204916000366211,6.4373016357421875e-06,1.487501859664917,10.059845447540283,0.023916006088256836,4.76837158203125e-06,0.0014064311981201172
DTW2,0.014502763748168945,1.0251998901367188e-05,1.2863459587097168,9.078534364700317,0.0035812854766845703,3.814697265625e-06,0.0010251998901367188
DTW2,0.003141641616821289,4.76837158203125e-06,1.0805912017822266,8.666195631027222,0.002832174301147461,5.4836273193359375e-06,0.0008366107940673828
DTW2,0.002723217010498047,3.814697265625e-06,0.7519567012786865,7.500292539596558,0.00010418891906738281,2.1457672119140625e-06,0.00033545494079589844
DTW2,0.005666494369506836,9.775161743164062e-06,2.3393404483795166,7.075237989425659,0.0004322528839111328,8.821487426757812e-06,0.0010950565338134766
DTW2,0.010290384292602539,5.0067901611328125e-06,1.2018887996673584,8.02467131614685,0.0002570152282714844,2.86102294921875e-06,0.0005464553833007812
DTW2,0.01932215690612793,3.337860107421875e-06,0.8374829292297363,8.402754783630371,0.0003523826599121094,4.5299530029296875e-06,0.0007054805755615234
DTW2,0.003458261489868164,4.291534423828125e-06,0.8126537799835205,8.475285053253174,0.00031185150146484375,3.5762786865234375e-06,0.0007104873657226562
DTW2,0.004994869232177734,7.3909759521484375e-06,1.9727754592895508,10.277375936508179,0.00025582313537597656,3.0994415283203125e-06,0.0005733966827392578
DTW2,0.0029120445251464844,3.0994415283203125e-06,0.8894462585449219,8.487423658370972,0.00028777122497558594,2.86102294921875e-06,0.0005619525909423828
DTW2,0.0030031204223632812,3.0994415283203125e-06,1.31184720993042,9.364820003509521,0.0003426074981689453,3.814697265625e-06,0.0005781650543212891
DTW2,0.003195524215698242,9.059906005859375e-06,0.7909057140350342,8.943214416503906,0.0002269744873046875,1.6689300537109375e-06,0.00043320655822753906
DTW2,0.0036475658416748047,6.198883056640625e-06,2.0666658878326416,9.653082847595215,0.00022554397583007812,2.1457672119140625e-06,0.0004718303680419922
DTW2,0.020677566528320312,1.6689300537109375e-05,0.8658416271209717,7.395498752593994,0.00024366378784179688,1.6689300537109375e-06,0.0004024505615234375
DTW2,0.0024261474609375,2.384185791015625e-06,0.5006475448608398,6.877913236618042,0.0002696514129638672,2.384185791015625e-06,0.0006189346313476562
DTW2,0.0035996437072753906,4.76837158203125e-06,0.6625185012817383,6.146067142486572,0.0003616809844970703,3.5762786865234375e-06,0.0006301403045654297
DTW2,0.005286455154418945,9.059906005859375e-06,2.4353880882263184,8.377956867218018,0.0005486011505126953,3.814697265625e-06,0.0012710094451904297
DTW2,0.009354591369628906,3.1948089599609375e-05,0.8520574569702148,8.529924631118774,0.0003769397735595703,4.0531158447265625e-06,0.000751495361328125
DTW3,0.0022912025451660156,2.86102294921875e-06,0.909743070602417,7.767198324203491,0.03864169120788574,4.76837158203125e-06,0.0014460086822509766
DTW3,0.003088712692260742,3.5762786865234375e-06,0.6431007385253906,8.308194637298584,0.003794431686401367,5.0067901611328125e-06,0.001367330551147461
DTW3,0.0024330615997314453,5.7220458984375e-06,2.420098304748535,8.077641725540161,0.016225337982177734,5.0067901611328125e-06,0.0025069713592529297
DTW3,0.008393049240112305,5.4836273193359375e-06,0.7180955410003662,7.569933891296387,0.0025610923767089844,3.0994415283203125e-06,0.001314401626586914
DTW3,0.0026102066040039062,3.5762786865234375e-06,0.5209293365478516,7.887468576431274,0.002810239791870117,5.245208740234375e-06,0.0013866424560546875
DTW3,0.0031266212463378906,9.775161743164062e-06,1.1048767566680908,8.267099380493164,0.0051343441009521484,4.291534423828125e-06,0.0017337799072265625
DTW3,0.004570484161376953,1.1205673217773438e-05,1.8598122596740723,10.912129163742065,0.023776769638061523,7.152557373046875e-06,0.003304719924926758
DTW3,0.02071857452392578,4.291534423828125e-06,1.3726394176483154,9.202938556671143,0.014096736907958984,5.4836273193359375e-06,0.0020568370819091797
DTW3,0.003657102584838867,5.0067901611328125e-06,0.562971830368042,9.044586181640625,0.02066779136657715,4.5299530029296875e-06,0.0015044212341308594
DTW3,0.019377708435058594,3.814697265625e-06,0.8033652305603027,8.298396587371826,0.0047588348388671875,4.0531158447265625e-06,0.0018129348754882812
DTW3,0.002309083938598633,6.198883056640625e-06,2.4937331676483154,6.9411561489105225,0.015100240707397461,3.0994415283203125e-06,0.0016667842864990234
DTW3,0.024577617645263672,4.291534423828125e-06,1.1804001331329346,9.392302751541138,0.005053281784057617,3.814697265625e-06,0.0017654895782470703
DTW3,0.004092693328857422,6.198883056640625e-06,1.0279829502105713,6.80825138092041,0.01996016502380371,4.0531158447265625e-06,0.0014345645904541016
DTW3,0.020416975021362305,1.6689300537109375e-05,0.8928015232086182,7.709489107131958,0.005007266998291016,4.76837158203125e-06,0.0016243457794189453
DTW3,0.003223896026611328,7.867813110351562e-06,2.432060718536377,6.948378562927246,0.01609182357788086,4.5299530029296875e-06,0.0019617080688476562
DTW3,0.004701137542724609,2.6226043701171875e-06,1.3911585807800293,9.561237335205078,0.006888866424560547,4.291534423828125e-06,0.0017724037170410156
DTW3,0.0036330223083496094,4.76837158203125e-06,1.113908052444458,9.273596286773682,0.0061724185943603516,4.291534423828125e-06,0.001575469970703125
DTW3,0.0032274723052978516,4.76837158203125e-06,0.8856720924377441,8.996137857437134,0.02855539321899414,3.0994415283203125e-06,0.0013301372528076172
DTW3,0.002687692642211914,8.344650268554688e-06,2.815568208694458,9.278354167938232,0.026615142822265625,2.6226043701171875e-06,0.0011887550354003906
DTW3,0.004133462905883789,1.8358230590820312e-05,1.2155964374542236,8.09646201133728,0.003465890884399414,2.1457672119140625e-06,0.0010814666748046875
DTW3,0.0021049976348876953,2.384185791015625e-06,0.45184803009033203,6.256184339523315,0.0050580501556396484,3.5762786865234375e-06,0.0013892650604248047
DTW3,0.002973318099975586,3.814697265625e-06,0.42743778228759766,7.306351184844971,0.013265609741210938,9.5367431640625e-06,0.001722097396850586
DTW3,0.0037050247192382812,9.059906005859375e-06,2.33894419670105,7.04667067527771,0.019479990005493164,4.0531158447265625e-06,0.0018756389617919922
DTW3,0.00964665412902832,5.0067901611328125e-06,1.036621332168579,8.774131536483765,0.022878408432006836,3.814697265625e-06,0.0015003681182861328
DTW3,0.003261089324951172,4.291534423828125e-06,0.5619020462036133,7.6930992603302,0.020124197006225586,5.4836273193359375e-06,0.0015480518341064453
DTW3,0.00347900390625,4.5299530029296875e-06,1.0627152919769287,8.731040239334106,0.018184423446655273,5.0067901611328125e-06,0.0017385482788085938
DTW3,0.0031309127807617188,6.9141387939453125e-06,1.9745800495147705,9.213298559188843,0.00826120376586914,3.814697265625e-06,0.0016994476318359375
DTW3,0.0031728744506835938,2.6226043701171875e-06,1.2301464080810547,8.546934843063354,0.005575895309448242,4.0531158447265625e-06,0.0016014575958251953
DTW3,0.0030622482299804688,3.0994415283203125e-06,0.8815233707427979,7.714020729064941,0.02236032485961914,5.0067901611328125e-06,0.0015294551849365234
DTW3,0.0034971237182617188,4.5299530029296875e-06,0.7986884117126465,8.143851041793823,0.028383255004882812,3.5762786865234375e-06,0.0012121200561523438
DTW3,0.0035626888275146484,1.2636184692382812e-05,2.5425450801849365,7.970652103424072,0.029193401336669922,5.7220458984375e-06,0.0026459693908691406
DTW3,0.010670900344848633,5.245208740234375e-06,0.9248025417327881,8.157694578170776,0.008692026138305664,1.0013580322265625e-05,0.002815723419189453
DTW3,0.020315885543823242,3.5762786865234375e-06,0.8957839012145996,8.480088949203491,0.00793766975402832,9.059906005859375e-06,0.0019154548645019531
DTW3,0.004216670989990234,4.76837158203125e-06,0.7848658561706543,8.088594913482666,0.005161285400390625,4.5299530029296875e-06,0.0013623237609863281
DTW3,0.002961874008178711,6.67572021484375e-06,2.4438071250915527,7.259377479553223,0.015743732452392578,5.0067901611328125e-06,0.001272439956665039
DTW4,0.002186298370361328,2.6226043701171875e-06,0.6912705898284912,7.148651123046875,0.002997875213623047,2.1457672119140625e-06,0.0010495185852050781
DTW4,0.0035576820373535156,4.5299530029296875e-06,0.5801582336425781,6.0429158210754395,0.012558460235595703,2.1457672119140625e-06,0.0007886886596679688
DTW4,0.0020453929901123047,2.6226043701171875e-06,1.029284954071045,6.782160043716431,0.020773649215698242,2.6226043701171875e-06,0.0007612705230712891
DTW4,0.003113269805908203,7.152557373046875e-06,1.2220098972320557,7.340463876724243,0.003573179244995117,3.0994415283203125e-06,0.0009710788726806641
DTW4,0.0025763511657714844,2.6226043701171875e-06,0.642291784286499,6.472886562347412,0.003375530242919922,5.7220458984375e-06,0.0010578632354736328
DTW4,0.002897500991821289,2.6226043701171875e-06,0.9638566970825195,7.955750226974487,0.007910966873168945,4.0531158447265625e-06,0.0011026859283447266
DTW4,0.0034215450286865234,3.337860107421875e-06,0.7048099040985107,8.192554950714111,0.005631446838378906,6.67572021484375e-06,0.0015664100646972656
DTW4,0.0034017562866210938,7.62939453125e-06,2.645998477935791,9.077377319335938,0.03369712829589844,4.291534423828125e-06,0.0011565685272216797
DTW4,0.002909421920776367,2.6226043701171875e-06,1.4527678489685059,9.215152978897095,0.01736903190612793,4.291534423828125e-06,0.0010690689086914062
DTW4,0.0027472972869873047,3.337860107421875e-06,0.9067337512969971,9.306612014770508,0.0032892227172851562,2.86102294921875e-06,0.0007708072662353516
DTW4,0.0019259452819824219,2.6226043701171875e-06,0.878746509552002,8.397234678268433,0.0029468536376953125,4.0531158447265625e-06,0.0009121894836425781
DTW4,0.0031228065490722656,1.4543533325195312e-05,2.095975875854492,7.793324708938599,0.004088878631591797,3.337860107421875e-06,0.0010886192321777344
DTW4,0.0025246143341064453,2.86102294921875e-06,0.5215623378753662,5.652572154998779,0.005552053451538086,3.0994415283203125e-06,0.0008845329284667969
DTW4,0.004530191421508789,5.0067901611328125e-06,0.7710597515106201,6.994189023971558,0.005089282989501953,4.0531158447265625e-06,0.0010619163513183594
DTW4,0.002966642379760742,4.5299530029296875e-06,0.9047403335571289,6.966795444488525,0.01616644859313965,2.86102294921875e-06,0.0010089874267578125
DTW4,0.003195047378540039,7.152557373046875e-06,2.301928758621216,9.995960474014282,0.02485823631286621,5.245208740234375e-06,0.0018532276153564453
DTW4,0.0028858184814453125,1.049041748046875e-05,1.021052360534668,8.68752932548523,0.004104137420654297,2.86102294921875e-06,0.00102996826171875
DTW4,0.002234220504760742,2.6226043701171875e-06,1.124560832977295,9.089437246322632,0.004063606262207031,3.0994415283203125e-06,0.001146554946899414
DTW4,0.0032036304473876953,3.5762786865234375e-06,1.0113248825073242,9.746095418930054,0.005015134811401367,3.337860107421875e-06,0.0011925697326660156
DTW4,0.0033936500549316406,7.867813110351562e-06,2.03889799118042,10.050483226776123,0.02602529525756836,4.0531158447265625e-06,0.0014538764953613281
DTW4,0.004709482192993164,5.4836273193359375e-06,0.7710707187652588,7.084739685058594,0.009096622467041016,2.86102294921875e-06,0.001016378402709961
DTW4,0.0021283626556396484,2.6226043701171875e-06,0.4634685516357422,6.7701334953308105,0.004515647888183594,3.814697265625e-06,0.001013040542602539
DTW4,0.002214193344116211,3.5762786865234375e-06,0.5368185043334961,6.623136758804321,0.020392417907714844,3.5762786865234375e-06,0.0014395713806152344
DTW4,0.0028405189514160156,5.7220458984375e-06,1.0718834400177002,7.099828243255615,0.016824960708618164,3.337860107421875e-06,0.0011639595031738281
DTW4,0.002402067184448242,3.0994415283203125e-06,0.6433761119842529,6.550123691558838,0.06285691261291504,4.5299530029296875e-06,0.0014584064483642578
DTW4,0.002626180648803711,3.0994415283203125e-06,1.074505090713501,8.207432746887207,0.008643865585327148,4.5299530029296875e-06,0.0018379688262939453
DTW4,0.0038492679595947266,3.337860107421875e-06,1.1937451362609863,8.880849361419678,0.07144880294799805,3.0994415283203125e-06,0.001117706298828125
DTW4,0.003304719924926758,6.9141387939453125e-06,2.119703769683838,9.68931794166565,0.04071688652038574,4.291534423828125e-06,0.0017044544219970703
DTW4,0.0035142898559570312,4.76837158203125e-06,1.0072498321533203,8.249675273895264,0.004153251647949219,6.9141387939453125e-06,0.001009225845336914
DTW4,0.0020766258239746094,5.7220458984375e-06,1.0363624095916748,8.827393531799316,0.005053043365478516,2.384185791015625e-06,0.001100301742553711
DTW4,0.00394439697265625,3.5762786865234375e-06,0.5676078796386719,6.3441338539123535,0.007284402847290039,3.337860107421875e-06,0.0013785362243652344
DTW4,0.0033774375915527344,7.3909759521484375e-06,2.3718101978302,7.000364542007446,0.027272462844848633,4.291534423828125e-06,0.0020525455474853516
DTW4,0.008979082107543945,4.5299530029296875e-06,0.7605078220367432,7.197915315628052,0.004559993743896484,3.814697265625e-06,0.001154184341430664
DTW4,0.002559185028076172,2.384185791015625e-06,0.8219807147979736,7.563617944717407,0.0058536529541015625,4.0531158447265625e-06,0.001539468765258789
DTW4,0.003626108169555664,3.0994415283203125e-06,0.6833202838897705,6.402480840682983,0.005523681640625,3.5762786865234375e-06,0.0014073848724365234
DTW5,0.002874612808227539,5.7220458984375e-06,1.684096336364746,6.642775774002075,0.007146358489990234,3.5762786865234375e-06,0.0012097358703613281
DTW5,0.0019342899322509766,2.6226043701171875e-06,0.6257674694061279,6.229798316955566,0.01232457160949707,5.7220458984375e-06,0.001661539077758789
DTW5,0.0026488304138183594,3.814697265625e-06,0.7609293460845947,5.1971211433410645,0.011973381042480469,5.245208740234375e-06,0.001003265380859375
DTW5,0.0024771690368652344,2.6226043701171875e-06,0.595562219619751,6.834509611129761,0.0032889842987060547,4.291534423828125e-06,0.0013275146484375
DTW5,0.0031082630157470703,8.344650268554688e-06,1.8361124992370605,6.726458787918091,0.0025777816772460938,2.86102294921875e-06,0.0010204315185546875
DTW5,0.002110004425048828,5.7220458984375e-06,0.5590775012969971,7.552227735519409,0.004639148712158203,3.814697265625e-06,0.001474618911743164
DTW5,0.002899169921875,3.0994415283203125e-06,0.7976212501525879,6.7276811599731445,0.016199588775634766,3.814697265625e-06,0.005684375762939453
DTW5,0.004960775375366211,4.5299530029296875e-06,0.8208949565887451,7.601916313171387,0.0032181739807128906,2.1457672119140625e-06,0.0010557174682617188
DTW5,0.002808094024658203,6.198883056640625e-06,2.724726438522339,9.413038730621338,0.025620222091674805,5.0067901611328125e-06,0.01326751708984375
DTW5,0.02352142333984375,6.198883056640625e-06,1.0464072227478027,7.749314308166504,0.016198396682739258,3.337860107421875e-06,0.0025243759155273438
DTW5,0.004041433334350586,5.4836273193359375e-06,0.7385780811309814,6.886957406997681,0.006583452224731445,5.245208740234375e-06,0.0019397735595703125
DTW5,0.004464149475097656,5.0067901611328125e-06,0.5607359409332275,6.747061729431152,0.0031545162200927734,5.0067901611328125e-06,0.0011777877807617188
DTW5,0.0028619766235351562,6.198883056640625e-06,2.4794864654541016,6.543844938278198,0.03249931335449219,5.0067901611328125e-06,0.001795053482055664
DTW5,0.003968477249145508,2.86102294921875e-06,0.9339461326599121,7.881384611129761,0.0028955936431884766,3.0994415283203125e-06,0.0013988018035888672
DTW5,0.01749706268310547,5.0067901611328125e-06,0.6172628402709961,6.597341060638428,0.0038564205169677734,2.86102294921875e-06,0.0014767646789550781
DTW5,0.0033364295959472656,4.291534423828125e-06,0.8103702068328857,7.566152572631836,0.017888784408569336,5.245208740234375e-06,0.0017445087432861328
DTW5,0.002768993377685547,3.337860107421875e-06,2.7720797061920166,8.535918235778809,0.012954473495483398,1.9788742065429688e-05,0.003443479537963867
DTW5,0.010145187377929688,5.9604644775390625e-06,1.3176119327545166,8.105417013168335,0.026257753372192383,1.0728836059570312e-05,0.0018858909606933594
DTW5,0.0037469863891601562,4.5299530029296875e-06,1.1852915287017822,8.795141220092773,0.0061037540435791016,5.7220458984375e-06,0.0014438629150390625
DTW5,0.004044055938720703,4.5299530029296875e-06,1.0205106735229492,8.184393644332886,0.005138874053955078,4.5299530029296875e-06,0.0014369487762451172
DTW5,0.0026378631591796875,3.5762786865234375e-06,0.4245188236236572,5.666895866394043,0.013585090637207031,4.291534423828125e-06,0.0018510818481445312
DTW5,0.001806497573852539,1.9073486328125e-06,0.7210555076599121,5.700747013092041,0.003656625747680664,4.0531158447265625e-06,0.0011591911315917969
DTW5,0.0025458335876464844,3.0994415283203125e-06,0.43474721908569336,6.588885068893433,0.005987882614135742,3.5762786865234375e-06,0.0015399456024169922
DTW5,0.0017740726470947266,2.6226043701171875e-06,0.7823123931884766,6.352501630783081,0.004224300384521484,4.5299530029296875e-06,0.001224517822265625
DTW5,0.002980947494506836,3.5762786865234375e-06,0.49254322052001953,6.471723556518555,0.004508495330810547,2.6226043701171875e-06,0.0011157989501953125
DTW5,0.0143280029296875,2.6226043701171875e-06,0.5970520973205566,6.715842962265015,0.004575490951538086,2.1457672119140625e-06,0.001245260238647461
DTW5,0.0030977725982666016,7.152557373046875e-06,0.7077057361602783,8.351375579833984,0.005005359649658203,2.86102294921875e-06,0.0012843608856201172
DTW5,0.002443075180053711,2.86102294921875e-06,0.7760016918182373,8.707679271697998,0.028774738311767578,5.245208740234375e-06,0.0017778873443603516
DTW5,0.0024499893188476562,2.1457672119140625e-06,0.7039165496826172,7.842266082763672,0.016321659088134766,4.291534423828125e-06,0.001207590103149414
DTW5,0.002598285675048828,2.384185791015625e-06,0.5154666900634766,7.6783647537231445,0.006892204284667969,4.76837158203125e-06,0.0015985965728759766
DTW5,0.002820253372192383,2.86102294921875e-06,0.871769905090332,6.8116700649261475,0.012514829635620117,3.337860107421875e-06,0.0009744167327880859
DTW5,0.001988649368286133,2.86102294921875e-06,0.7648706436157227,6.378961086273193,0.005141258239746094,4.5299530029296875e-06,0.0013096332550048828
DTW5,0.003601551055908203,5.0067901611328125e-06,0.6309816837310791,6.243626356124878,0.0046536922454833984,2.86102294921875e-06,0.0011701583862304688
DTW5,0.0019910335540771484,2.384185791015625e-06,0.43084287643432617,6.0551769733428955,0.022886276245117188,5.7220458984375e-06,0.0017018318176269531
DTW5,0.002084493637084961,6.4373016357421875e-06,0.6586658954620361,6.398105144500732,0.004544973373413086,2.384185791015625e-06,0.0010170936584472656
DTW1_add3,0.0019757747650146484,2.6226043701171875e-06,0.6123161315917969,8.552333116531372,0.0014090538024902344,2.86102294921875e-06,0.0004780292510986328
DTW1_add3,0.002626657485961914,3.814697265625e-06,0.5397069454193115,8.967376470565796,0.0017292499542236328,4.76837158203125e-06,0.0007658004760742188
DTW1_add3,0.0027167797088623047,3.0994415283203125e-06,0.4755394458770752,9.894251823425293,0.0023348331451416016,6.4373016357421875e-06,0.001009225845336914
DTW1_add3,0.00310516357421875,4.76837158203125e-06,0.5988163948059082,9.04306173324585,0.0018143653869628906,4.291534423828125e-06,0.0008876323699951172
DTW1_add3,0.0026531219482421875,4.5299530029296875e-06,0.4337489604949951,9.349290609359741,0.0024318695068359375,5.7220458984375e-06,0.0010371208190917969
DTW1_add3,0.00408172607421875,1.2874603271484375e-05,0.8152425289154053,11.811197757720947,0.017235994338989258,2.86102294921875e-06,0.0005629062652587891
DTW1_add3,0.002286672592163086,3.337860107421875e-06,0.9518227577209473,11.644892930984497,0.003409862518310547,6.4373016357421875e-06,0.001153707504272461
DTW1_add3,0.004599332809448242,7.152557373046875e-06,1.2550442218780518,10.398262977600098,0.0023903846740722656,3.5762786865234375e-06,0.0009655952453613281
DTW1_add3,0.010968446731567383,3.0994415283203125e-06,0.8227524757385254,10.286974906921387,0.003031492233276367,2.1457672119140625e-06,0.0005693435668945312
DTW1_add3,0.0040585994720458984,6.9141387939453125e-06,0.9026637077331543,10.261832475662231,0.002587556838989258,5.245208740234375e-06,0.0009126663208007812
DTW1_add3,0.0025877952575683594,3.5762786865234375e-06,0.6659424304962158,10.920449018478394,0.0019519329071044922,4.76837158203125e-06,0.0006923675537109375
DTW1_add3,0.0021753311157226562,3.337860107421875e-06,0.5635604858398438,9.255929231643677,0.0025048255920410156,6.4373016357421875e-06,0.0012946128845214844
DTW1_add3,0.0044345855712890625,4.76837158203125e-06,0.8485891819000244,8.996671676635742,0.0017936229705810547,2.6226043701171875e-06,0.0007460117340087891
DTW1_add3,0.0030379295349121094,4.5299530029296875e-06,0.9247663021087646,8.994422912597656,0.0016994476318359375,4.5299530029296875e-06,0.0011525154113769531
DTW1_add3,0.0038251876831054688,4.0531158447265625e-06,0.6036505699157715,10.571924924850464,0.0021326541900634766,3.5762786865234375e-06,0.0008218288421630859
DTW1_add3,0.0025370121002197266,4.0531158447265625e-06,0.7651948928833008,11.574323415756226,0.0034470558166503906,6.198883056640625e-06,0.0010807514190673828
DTW1_add3,0.0173642635345459,4.291534423828125e-06,1.1502511501312256,10.972829818725586,0.0017919540405273438,3.5762786865234375e-06,0.0006756782531738281
DTW1_add3,0.003614187240600586,4.291534423828125e-06,0.9112420082092285,10.519675016403198,0.002756834030151367,4.76837158203125e-06,0.0009722709655761719
DTW1_add3,0.002887725830078125,3.814697265625e-06,0.8751034736633301,10.769820928573608,0.0022461414337158203,3.0994415283203125e-06,0.0007319450378417969
DTW1_add3,0.002515554428100586,3.814697265625e-06,1.1047916412353516,10.538853883743286,0.0019621849060058594,2.1457672119140625e-06,0.0006771087646484375
DTW1_add3,0.002203226089477539,2.384185791015625e-06,0.5256390571594238,7.999498128890991,0.0016562938690185547,3.5762786865234375e-06,0.0005533695220947266
DTW1_add3,0.0023546218872070312,3.0994415283203125e-06,1.0820207595825195,8.04800534248352,0.003844738006591797,4.0531158447265625e-06,0.0007932186126708984
DTW1_add3,0.002290487289428711,3.337860107421875e-06,0.5267848968505859,8.97562575340271,0.0015783309936523438,3.0994415283203125e-06,0.0005984306335449219
DTW1_add3,0.012984275817871094,2.1457672119140625e-06,0.8601417541503906,8.399209260940552,0.009032011032104492,5.0067901611328125e-06,0.0007700920104980469
DTW1_add3,0.0026900768280029297,6.198883056640625e-06,0.724339485168457,8.730609655380249,0.00993204116821289,5.9604644775390625e-06,0.0012059211730957031
DTW1_add3,0.002844095230102539,3.5762786865234375e-06,0.7629425525665283,10.252803564071655,0.00030422210693359375,1.9073486328125e-06,0.0005934238433837891
DTW1_add3,0.002727985382080078,3.0994415283203125e-06,0.46284937858581543,12.832398891448975,0.0004444122314453125,4.291534423828125e-06,0.001077890396118164
DTW1_add3,0.003269195556640625,3.814697265625e-06,1.0370028018951416,11.456189393997192,0.00022530555725097656,2.86102294921875e-06,0.0005979537963867188
DTW1_add3,0.0028579235076904297,4.0531158447265625e-06,0.5508458614349365,9.892422676086426,0.00021505355834960938,1.6689300537109375e-06,0.00044083595275878906
DTW1_add3,0.002727508544921875,2.6226043701171875e-06,0.954782247543335,11.020713567733765,0.00028777122497558594,1.430511474609375e-06,0.0004687309265136719
DTW1_add3,0.0035066604614257812,4.76837158203125e-06,0.7945799827575684,8.37940263748169,0.0002727508544921875,3.337860107421875e-06,0.0005350112915039062
DTW1_add3,0.003114938735961914,2.6226043701171875e-06,0.5762364864349365,8.627709865570068,0.00022101402282714844,1.430511474609375e-06,0.00048732757568359375
DTW1_add3,0.002584695816040039,3.0994415283203125e-06,0.5022706985473633,7.760936498641968,0.00025844573974609375,1.6689300537109375e-06,0.0004956722259521484
DTW1_add3,0.002485513687133789,1.9073486328125e-06,0.635671854019165,8.04437780380249,0.0003025531768798828,2.86102294921875e-06,0.0005736351013183594
DTW1_add3,0.0028219223022460938,3.0994415283203125e-06,0.46106553077697754,9.071278095245361,0.0002346038818359375,1.6689300537109375e-06,0.00043129920959472656
DTW1_add4,0.002432584762573242,3.337860107421875e-06,0.7019774913787842,9.982226371765137,0.015962600708007812,2.86102294921875e-06,0.0005919933319091797
DTW1_add4,0.0020487308502197266,2.86102294921875e-06,0.4661824703216553,10.408343315124512,0.002796649932861328,5.7220458984375e-06,0.0010590553283691406
DTW1_add4,0.013639450073242188,3.814697265625e-06,0.8578109741210938,10.137565851211548,0.001833200454711914,4.0531158447265625e-06,0.0007181167602539062
DTW1_add4,0.0023267269134521484,6.4373016357421875e-06,0.712897539138794,10.870757818222046,0.011205911636352539,3.0994415283203125e-06,0.0006651878356933594
DTW1_add4,0.0021314620971679688,2.384185791015625e-06,0.5921907424926758,10.28309440612793,0.002559185028076172,5.4836273193359375e-06,0.001010894775390625
DTW1_add4,0.0033845901489257812,4.291534423828125e-06,0.7911477088928223,13.288185358047485,0.009272575378417969,4.76837158203125e-06,0.0006854534149169922
DTW1_add4,0.003194093704223633,4.0531158447265625e-06,0.8783588409423828,16.315841674804688,0.001573324203491211,4.291534423828125e-06,0.0007481575012207031
DTW1_add4,0.0022897720336914062,2.384185791015625e-06,0.5971529483795166,15.043966293334961,0.003066539764404297,7.152557373046875e-06,0.001049041748046875
DTW1_add4,0.003627300262451172,5.0067901611328125e-06,0.6930301189422607,13.47463583946228,0.017983198165893555,4.0531158447265625e-06,0.0005733966827392578
DTW1_add4,0.0020999908447265625,2.384185791015625e-06,0.8436603546142578,10.457309246063232,0.0023746490478515625,5.9604644775390625e-06,0.0009760856628417969
DTW1_add4,0.0034286975860595703,5.0067901611328125e-06,0.7695322036743164,10.760226726531982,0.004610776901245117,3.5762786865234375e-06,0.000614166259765625
DTW1_add4,0.003509998321533203,5.245208740234375e-06,1.04296875,11.720052719116211,0.004883527755737305,6.198883056640625e-06,0.0009326934814453125
DTW1_add4,0.0038039684295654297,1.1205673217773438e-05,0.5757646560668945,9.616960287094116,0.0047266483306884766,2.384185791015625e-06,0.000659942626953125
DTW1_add4,0.019436359405517578,3.5762786865234375e-06,0.7958910465240479,9.831196546554565,0.001489877700805664,4.0531158447265625e-06,0.0006585121154785156
DTW1_add4,0.0026552677154541016,3.337860107421875e-06,0.554962158203125,11.924233675003052,0.002895832061767578,6.198883056640625e-06,0.0013928413391113281
DTW1_add4,0.0033485889434814453,4.0531158447265625e-06,0.8201296329498291,14.753241777420044,0.0015850067138671875,5.4836273193359375e-06,0.0008082389831542969
DTW1_add4,0.0025565624237060547,3.337860107421875e-06,0.9235951900482178,13.262024402618408,0.003842592239379883,4.5299530029296875e-06,0.000690460205078125
DTW1_add4,0.0025110244750976562,4.0531158447265625e-06,0.6398303508758545,11.18125057220459,0.0019533634185791016,4.76837158203125e-06,0.0007293224334716797
DTW1_add4,0.003805875778198242,5.0067901611328125e-06,1.1508426666259766,14.504343271255493,0.008193016052246094,4.291534423828125e-06,0.000896453857421875
DTW1_add4,0.0028138160705566406,3.814697265625e-06,1.0269603729248047,13.688682794570923,0.002169370651245117,3.337860107421875e-06,0.0007369518280029297
DTW1_add4,0.0168306827545166,4.5299530029296875e-06,0.49952125549316406,9.871253490447998,0.0023055076599121094,2.86102294921875e-06,0.0008039474487304688
DTW1_add4,0.0029191970825195312,4.0531158447265625e-06,0.7316970825195312,9.726742267608643,0.0013136863708496094,2.6226043701171875e-06,0.0005838871002197266
DTW1_add4,0.0031099319458007812,3.0994415283203125e-06,0.5880589485168457,10.201290845870972,0.0015840530395507812,4.291534423828125e-06,0.0006842613220214844
DTW1_add4,0.0029306411743164062,3.5762786865234375e-06,0.668332576751709,10.160884380340576,0.002680540084838867,5.4836273193359375e-06,0.0012187957763671875
DTW1_add4,0.004426240921020508,4.291534423828125e-06,0.7649757862091064,10.860504627227783,0.0026404857635498047,5.0067901611328125e-06,0.0009753704071044922
DTW1_add4,0.003688335418701172,3.5762786865234375e-06,1.04286527633667,12.164039611816406,0.0015668869018554688,2.384185791015625e-06,0.0005085468292236328
DTW1_add4,0.0029315948486328125,3.0994415283203125e-06,0.7893474102020264,13.877962589263916,0.001794576644897461,4.5299530029296875e-06,0.0007624626159667969
DTW1_add4,0.0029976367950439453,3.0994415283203125e-06,0.6018145084381104,14.600709199905396,0.002078533172607422,3.5762786865234375e-06,0.0007464885711669922
DTW1_add4,0.0038557052612304688,4.5299530029296875e-06,0.9739348888397217,13.221746683120728,0.0018508434295654297,5.0067901611328125e-06,0.0007650852203369141
DTW1_add4,0.002763986587524414,3.337860107421875e-06,0.5320184230804443,10.028112173080444,0.0014977455139160156,3.337860107421875e-06,0.0005595684051513672
DTW1_add4,0.002889394760131836,3.814697265625e-06,0.7345123291015625,12.399935483932495,0.006641387939453125,4.76837158203125e-06,0.0009851455688476562
DTW1_add4,0.0025777816772460938,2.1457672119140625e-06,0.6662681102752686,13.048712253570557,0.3596043586730957,5.9604644775390625e-06,0.0007162094116210938
DTW1_add4,0.0028269290924072266,2.86102294921875e-06,0.960728645324707,11.55919361114502,0.007203102111816406,6.67572021484375e-06,0.0009963512420654297
DTW1_add4,0.0043163299560546875,6.198883056640625e-06,0.5464644432067871,10.023038625717163,0.005768537521362305,4.291534423828125e-06,0.0006544589996337891
DTW1_add4,0.003545522689819336,3.5762786865234375e-06,0.9470937252044678,10.45068645477295,0.006777524948120117,5.245208740234375e-06,0.0013561248779296875
downsampleQuantized,0.003775358200073242,0.1399519443511963,0.6842920780181885,8.120684146881104,0.002027750015258789,0.00016188621520996094,0.0007715225219726562
downsampleQuantized,0.002829313278198242,0.030986785888671875,0.5936050415039062,7.414968967437744,0.0019652843475341797,0.00017595291137695312,0.0007774829864501953
downsampleQuantized,0.0024690628051757812,0.04600334167480469,0.7529125213623047,8.387151718139648,0.017309188842773438,0.00013399124145507812,0.0007336139678955078
downsampleQuantized,0.0031671524047851562,0.0321958065032959,0.716616153717041,8.706522464752197,0.004485368728637695,0.0001964569091796875,0.0008709430694580078
downsampleQuantized,0.0024919509887695312,0.030457019805908203,0.6324319839477539,8.324323415756226,0.0022585391998291016,0.0001583099365234375,0.0008227825164794922
downsampleQuantized,0.003365039825439453,0.03190350532531738,1.015174150466919,6.841030836105347,0.0018973350524902344,0.0001499652862548828,0.0008149147033691406
downsampleQuantized,0.0026481151580810547,0.02981424331665039,0.912865161895752,8.462626457214355,0.0021390914916992188,0.00016450881958007812,0.0008449554443359375
downsampleQuantized,0.002539396286010742,0.03191113471984863,0.5980982780456543,6.21858286857605,0.012330293655395508,0.00013709068298339844,0.0006320476531982422
downsampleQuantized,0.0023279190063476562,0.05593705177307129,0.6925406455993652,7.490077018737793,0.0019004344940185547,9.703636169433594e-05,0.0005736351013183594
downsampleQuantized,0.0031211376190185547,0.0787801742553711,0.9116287231445312,7.161811828613281,0.0030517578125,0.0001735687255859375,0.0009367465972900391
downsampleQuantized,0.003060579299926758,0.025381088256835938,0.3222317695617676,4.54922890663147,0.002257108688354492,0.0001423358917236328,0.017033815383911133
downsampleQuantized,0.0032203197479248047,0.12031936645507812,0.27710771560668945,4.431710720062256,0.0018091201782226562,0.00012493133544921875,0.0007245540618896484
downsampleQuantized,0.00206756591796875,0.056166648864746094,0.36371898651123047,4.8081536293029785,0.0019233226776123047,0.00015497207641601562,0.0007495880126953125
downsampleQuantized,0.0029480457305908203,0.027592182159423828,0.6312775611877441,4.421985626220703,0.01862621307373047,0.0001366138458251953,0.0006303787231445312
downsampleQuantized,0.0018208026885986328,0.1586771011352539,0.5297315120697021,4.491044044494629,0.0023343563079833984,0.00016188621520996094,0.0007617473602294922
downsampleQuantized,0.0024261474609375,0.024893760681152344,0.4444708824157715,4.084034204483032,0.007122993469238281,0.00011777877807617188,0.0006656646728515625
downsampleQuantized,0.0027844905853271484,0.15625691413879395,0.41396403312683105,4.774656295776367,0.0019333362579345703,0.00021767616271972656,0.0009050369262695312
downsampleQuantized,0.0022859573364257812,0.13116812705993652,0.40593552589416504,5.618730068206787,0.017104387283325195,0.0001697540283203125,0.0007545948028564453
downsampleQuantized,0.0025177001953125,0.07285618782043457,0.435161828994751,4.3629539012908936,0.0013728141784667969,9.202957153320312e-05,0.0005414485931396484
downsampleQuantized,0.002871990203857422,0.037689208984375,0.5136842727661133,5.108128309249878,0.0022459030151367188,0.000209808349609375,0.0011529922485351562
downsampleQuantized,0.0039408206939697266,0.020806312561035156,0.3795762062072754,3.431844472885132,0.001317739486694336,0.00011444091796875,0.0006353855133056641
downsampleQuantized,0.0019037723541259766,0.06684398651123047,0.4706001281738281,3.1705479621887207,0.001313924789428711,0.00010442733764648438,0.0006461143493652344
downsampleQuantized,0.0021314620971679688,0.018559932708740234,0.38135194778442383,2.881605625152588,0.0027582645416259766,8.749961853027344e-05,0.0004725456237792969
downsampleQuantized,0.002673625946044922,0.03499317169189453,0.3385317325592041,1.9500491619110107,0.0012857913970947266,0.00012063980102539062,0.0006327629089355469
downsampleQuantized,0.0021636486053466797,0.0315852165222168,0.38326549530029297,3.2265396118164062,0.009390830993652344,9.250640869140625e-05,0.0005617141723632812
downsampleQuantized,0.0019996166229248047,0.021177053451538086,0.22019433975219727,3.127148389816284,0.000978231430053711,6.580352783203125e-05,0.0006897449493408203
downsampleQuantized,0.002560853958129883,0.13924479484558105,0.3911173343658447,3.441434621810913,0.02048492431640625,0.0001628398895263672,0.0009558200836181641
downsampleQuantized,0.0019428730010986328,0.029285669326782227,0.2510688304901123,2.3106751441955566,0.0045163631439208984,0.00015735626220703125,0.0005459785461425781
downsampleQuantized,0.0025763511657714844,0.026702404022216797,0.3857533931732178,2.841529607772827,0.001483917236328125,0.00013327598571777344,0.0006816387176513672
downsampleQuantized,0.0030128955841064453,0.019748449325561523,0.18448424339294434,2.5968668460845947,0.0016446113586425781,0.00011873245239257812,0.0006308555603027344
downsampleQuantized,0.0031440258026123047,0.030936479568481445,0.16421842575073242,1.9224493503570557,0.0018341541290283203,0.00010824203491210938,0.0006477832794189453
downsampleQuantized,0.0032570362091064453,0.016439199447631836,0.17839646339416504,2.347919464111328,0.0007753372192382812,0.00014090538024902344,0.0005078315734863281
downsampleQuantized,0.0031442642211914062,0.06113600730895996,0.25330185890197754,1.6375987529754639,0.0011219978332519531,9.870529174804688e-05,0.0007300376892089844
downsampleQuantized,0.002778291702270508,0.015603780746459961,0.26393818855285645,1.471034288406372,0.0009527206420898438,0.00011968612670898438,0.0005917549133300781
downsampleQuantized,0.0026934146881103516,0.015692949295043945,0.18637633323669434,1.4426746368408203,0.0009255409240722656,9.870529174804688e-05,0.0006656646728515625
downsampleInterpolate,0.001636505126953125,0.27683520317077637,1.1839492321014404,8.326910495758057,0.0037674903869628906,0.00026106834411621094,0.0013232231140136719
downsampleInterpolate,0.004069805145263672,0.4349656105041504,1.5865612030029297,7.56357479095459,0.003130197525024414,0.00013709068298339844,0.0005748271942138672
downsampleInterpolate,0.002842426300048828,0.28832101821899414,1.2086119651794434,6.55313777923584,0.0020732879638671875,0.00013637542724609375,0.0006430149078369141
downsampleInterpolate,0.0020456314086914062,0.2736639976501465,0.8751323223114014,6.438746690750122,0.002280712127685547,0.00010538101196289062,0.0006396770477294922
downsampleInterpolate,0.0025250911712646484,0.3531019687652588,1.6565895080566406,8.495629072189331,0.0026946067810058594,0.00015735626220703125,0.0008864402770996094
downsampleInterpolate,0.0019059181213378906,0.2747983932495117,1.3800327777862549,9.269962310791016,0.00888204574584961,0.0001983642578125,0.00093841552734375
downsampleInterpolate,0.0030257701873779297,0.26554346084594727,0.9485549926757812,7.422420978546143,0.004122734069824219,0.0001888275146484375,0.0008320808410644531
downsampleInterpolate,0.002267599105834961,0.30225634574890137,0.9304912090301514,6.817964792251587,0.010696172714233398,0.00018143653869628906,0.0009877681732177734
downsampleInterpolate,0.0030133724212646484,0.36919188499450684,1.4211435317993164,7.358197927474976,0.0026907920837402344,0.00019216537475585938,0.0008058547973632812
downsampleInterpolate,0.0025758743286132812,0.35645532608032227,1.3713905811309814,7.6821794509887695,0.0018982887268066406,0.00011873245239257812,0.0006628036499023438
downsampleInterpolate,0.0020644664764404297,0.2256932258605957,0.6628386974334717,3.8103325366973877,0.003751993179321289,0.00012636184692382812,0.0006589889526367188
downsampleInterpolate,0.0032405853271484375,0.41961097717285156,1.0161011219024658,4.391207456588745,0.0020384788513183594,0.0001289844512939453,0.0007414817810058594
downsampleInterpolate,0.002017498016357422,0.3759608268737793,1.004310131072998,4.518279075622559,0.0013499259948730469,0.00013875961303710938,0.00058746337890625
downsampleInterpolate,0.0019524097442626953,0.24786663055419922,1.0622775554656982,5.293741464614868,0.0022220611572265625,0.000152587890625,0.0007925033569335938
downsampleInterpolate,0.0029616355895996094,0.25211453437805176,1.0910630226135254,5.45506739616394,0.0013632774353027344,0.0001010894775390625,0.01033329963684082
downsampleInterpolate,0.0024993419647216797,0.22062921524047852,0.5457682609558105,4.801680564880371,0.014709949493408203,0.00016570091247558594,0.0008628368377685547
downsampleInterpolate,0.0026159286499023438,0.45775794982910156,0.7951145172119141,4.751441478729248,0.0012874603271484375,0.00011968612670898438,0.0006048679351806641
downsampleInterpolate,0.002363920211791992,0.40314817428588867,0.8160414695739746,5.146220445632935,0.0015714168548583984,0.00014972686767578125,0.0007014274597167969
downsampleInterpolate,0.0029418468475341797,0.46137452125549316,1.0129039287567139,4.271564483642578,0.0015308856964111328,0.00011801719665527344,0.0006356239318847656
downsampleInterpolate,0.0023801326751708984,0.34586000442504883,0.787146806716919,4.491421937942505,0.0020809173583984375,0.0001583099365234375,0.0008022785186767578
downsampleInterpolate,0.002664327621459961,0.16115164756774902,0.4268176555633545,2.247220516204834,0.0010297298431396484,8.893013000488281e-05,0.0004658699035644531
downsampleInterpolate,0.0018849372863769531,0.18006038665771484,0.439866304397583,3.143195629119873,0.001932382583618164,0.00011968612670898438,0.0008623600006103516
downsampleInterpolate,0.0033805370330810547,0.24555563926696777,0.7198514938354492,2.6622631549835205,0.0013284683227539062,0.00011229515075683594,0.0006268024444580078
downsampleInterpolate,0.0026187896728515625,0.16839933395385742,0.3878200054168701,3.2413442134857178,0.004324197769165039,0.00011968612670898438,0.0006453990936279297
downsampleInterpolate,0.0021758079528808594,0.20803570747375488,0.5890011787414551,2.6943578720092773,0.0011494159698486328,0.00011777877807617188,0.0005033016204833984
downsampleInterpolate,0.0020685195922851562,0.18548345565795898,0.5926799774169922,3.2925102710723877,0.0022177696228027344,0.00017571449279785156,0.0012125968933105469
downsampleInterpolate,0.0049631595611572266,0.2300405502319336,0.5880863666534424,2.112715244293213,0.0010998249053955078,7.581710815429688e-05,0.0004723072052001953
downsampleInterpolate,0.0019006729125976562,0.1751847267150879,0.6252038478851318,2.806455373764038,0.0011703968048095703,7.891654968261719e-05,0.0004875659942626953
downsampleInterpolate,0.002329587936401367,0.23432135581970215,0.6086459159851074,2.7388288974761963,0.0010867118835449219,0.00011849403381347656,0.00060272216796875
downsampleInterpolate,0.002229928970336914,0.17862915992736816,0.5982475280761719,3.216017484664917,0.0013713836669921875,9.72747802734375e-05,0.0005829334259033203
downsampleInterpolate,0.0022368431091308594,0.1890265941619873,0.5233285427093506,1.9370410442352295,0.0019087791442871094,0.00019669532775878906,0.0011229515075683594
downsampleInterpolate,0.0023293495178222656,0.2203829288482666,0.4940922260284424,2.564767360687256,0.0014145374298095703,0.00014138221740722656,0.0007140636444091797
downsampleInterpolate,0.0025734901428222656,0.18478965759277344,0.3777933120727539,1.5727922916412354,0.0009315013885498047,0.00010204315185546875,0.0005261898040771484
downsampleInterpolate,0.0020661354064941406,0.1663825511932373,0.3257272243499756,2.5221056938171387,0.0011899471282958984,9.298324584960938e-05,0.0005922317504882812
downsampleInterpolate,0.0025207996368408203,0.2065746784210205,0.5533781051635742,2.5452048778533936,0.017235755920410156,0.00010633468627929688,0.000606536865234375
adaptiveWeight1,0.0023124217987060547,1.2159347534179688e-05,0.566197395324707,5.134902000427246,0.0031583309173583984,3.337860107421875e-06,0.0011456012725830078
adaptiveWeight1,0.0029261112213134766,1.8596649169921875e-05,0.6230776309967041,6.666736125946045,0.0030722618103027344,2.86102294921875e-06,0.0013175010681152344
adaptiveWeight1,0.0021533966064453125,1.1682510375976562e-05,0.7420229911804199,5.966822862625122,0.00659942626953125,2.384185791015625e-06,0.0009045600891113281
adaptiveWeight1,0.0017828941345214844,1.239776611328125e-05,0.5015795230865479,6.740185260772705,0.003044605255126953,2.86102294921875e-06,0.0011990070343017578
adaptiveWeight1,0.002492666244506836,1.239776611328125e-05,0.43779873847961426,7.02844500541687,0.00427556037902832,3.337860107421875e-06,0.0012547969818115234
adaptiveWeight1,0.0021255016326904297,1.5974044799804688e-05,0.6261475086212158,8.884464263916016,0.008484125137329102,3.0994415283203125e-06,0.0011298656463623047
adaptiveWeight1,0.0030384063720703125,3.170967102050781e-05,1.0218005180358887,6.95521879196167,0.0033218860626220703,3.337860107421875e-06,0.0011258125305175781
adaptiveWeight1,0.0025877952575683594,1.5735626220703125e-05,0.872873067855835,8.782650470733643,0.0034377574920654297,3.337860107421875e-06,0.001308441162109375
adaptiveWeight1,0.0028488636016845703,1.3589859008789062e-05,0.6609938144683838,6.975318670272827,0.0027747154235839844,2.384185791015625e-06,0.0010864734649658203
adaptiveWeight1,0.00247955322265625,1.8596649169921875e-05,0.7971224784851074,7.323758840560913,0.003642559051513672,2.384185791015625e-06,0.0010886192321777344
adaptiveWeight1,0.00328826904296875,1.3828277587890625e-05,0.7466192245483398,6.880318880081177,0.004010677337646484,4.291534423828125e-06,0.001268625259399414
adaptiveWeight1,0.002521514892578125,1.1682510375976562e-05,0.7430107593536377,6.173995018005371,0.029369115829467773,5.7220458984375e-06,0.0016765594482421875
adaptiveWeight1,0.002524852752685547,3.7670135498046875e-05,0.5781831741333008,5.6840081214904785,0.0031430721282958984,3.337860107421875e-06,0.0010912418365478516
adaptiveWeight1,0.00319671630859375,2.4557113647460938e-05,0.6072356700897217,6.423733234405518,0.004297733306884766,4.76837158203125e-06,0.0015676021575927734
adaptiveWeight1,0.003690481185913086,2.574920654296875e-05,0.8023333549499512,5.81082558631897,0.012566804885864258,3.5762786865234375e-06,0.0010821819305419922
adaptiveWeight1,0.0029745101928710938,1.7642974853515625e-05,0.993690013885498,8.335923910140991,0.005132436752319336,5.0067901611328125e-06,0.001859426498413086
adaptiveWeight1,0.01245880126953125,1.9550323486328125e-05,0.8734221458435059,7.3736865520477295,0.004113435745239258,3.5762786865234375e-06,0.001184701919555664
adaptiveWeight1,0.0025920867919921875,1.6927719116210938e-05,1.003340482711792,9.173537254333496,0.029329538345336914,3.814697265625e-06,0.0012385845184326172
adaptiveWeight1,0.013525962829589844,3.838539123535156e-05,0.9443883895874023,9.248507022857666,0.0033087730407714844,4.0531158447265625e-06,0.0012445449829101562
adaptiveWeight1,0.0038793087005615234,2.3365020751953125e-05,0.6410567760467529,7.379991054534912,0.003979206085205078,4.5299530029296875e-06,0.0015153884887695312
adaptiveWeight1,0.0026955604553222656,2.1457672119140625e-05,0.6452553272247314,5.395704507827759,0.003810882568359375,3.0994415283203125e-06,0.0013017654418945312
adaptiveWeight1,0.0026702880859375,1.2636184692382812e-05,0.4991617202758789,6.916855335235596,0.021789073944091797,4.0531158447265625e-06,0.0010700225830078125
adaptiveWeight1,0.0021712779998779297,9.5367431640625e-06,0.5017690658569336,6.037758827209473,0.015385627746582031,5.0067901611328125e-06,0.0012710094451904297
adaptiveWeight1,0.0030791759490966797,1.3113021850585938e-05,0.4956963062286377,6.124029874801636,0.02095198631286621,1.049041748046875e-05,0.0018630027770996094
adaptiveWeight1,0.004044294357299805,2.6226043701171875e-05,0.6418445110321045,5.975955009460449,0.0043392181396484375,6.67572021484375e-06,0.0015532970428466797
adaptiveWeight1,0.0027740001678466797,1.2636184692382812e-05,0.8211150169372559,7.171548366546631,0.055735111236572266,3.5762786865234375e-06,0.001039743423461914
adaptiveWeight1,0.0020384788513183594,1.2636184692382812e-05,0.8986327648162842,9.152275800704956,0.004311323165893555,5.4836273193359375e-06,0.0013823509216308594
adaptiveWeight1,0.0033407211303710938,1.5974044799804688e-05,0.7206377983093262,7.7697741985321045,0.005095958709716797,4.291534423828125e-06,0.001272439956665039
adaptiveWeight1,0.0020661354064941406,1.1205673217773438e-05,0.8567404747009277,5.808076620101929,0.03585076332092285,2.86102294921875e-06,0.0011026859283447266
adaptiveWeight1,0.002342700958251953,1.3113021850585938e-05,0.8380475044250488,8.689630270004272,0.008400201797485352,5.4836273193359375e-06,0.0018849372863769531
adaptiveWeight1,0.004542112350463867,3.3855438232421875e-05,0.7083289623260498,7.2856245040893555,0.0075185298919677734,4.0531158447265625e-06,0.0017926692962646484
adaptiveWeight1,0.0040972232818603516,2.4557113647460938e-05,0.7543363571166992,5.889008283615112,0.006448030471801758,7.152557373046875e-06,0.0016341209411621094
adaptiveWeight1,0.003454923629760742,1.7404556274414062e-05,0.48978328704833984,5.407772541046143,0.004159212112426758,2.6226043701171875e-06,0.001043081283569336
adaptiveWeight1,0.001968860626220703,1.1444091796875e-05,0.460496187210083,6.413639783859253,0.021739959716796875,5.0067901611328125e-06,0.0011570453643798828
adaptiveWeight1,0.002035856246948242,1.0967254638671875e-05,0.5015933513641357,4.9551167488098145,0.006071567535400391,3.0994415283203125e-06,0.0020627975463867188
adaptiveWeight2,0.0020096302032470703,1.0728836059570312e-05,0.6241228580474854,7.544110298156738,0.0035102367401123047,3.5762786865234375e-06,0.001062631607055664
adaptiveWeight2,0.002317190170288086,1.3113021850585938e-05,0.5634410381317139,6.210901975631714,0.011984586715698242,4.0531158447265625e-06,0.0011241436004638672
adaptiveWeight2,0.0022864341735839844,1.8596649169921875e-05,0.9022750854492188,7.3081138134002686,0.0030324459075927734,2.1457672119140625e-06,0.0010895729064941406
adaptiveWeight2,0.004030942916870117,1.621246337890625e-05,0.68320631980896,6.713129758834839,0.004202842712402344,4.0531158447265625e-06,0.0013799667358398438
adaptiveWeight2,0.0030825138092041016,2.5033950805664062e-05,0.671485185623169,5.914605379104614,0.011205434799194336,5.0067901611328125e-06,0.0010237693786621094
adaptiveWeight2,0.002072572708129883,1.2636184692382812e-05,0.5514926910400391,6.8347907066345215,0.0030219554901123047,2.6226043701171875e-06,0.0011091232299804688
adaptiveWeight2,0.002210855484008789,1.430511474609375e-05,1.125432014465332,8.61763072013855,0.01123499870300293,2.384185791015625e-06,0.000989675521850586
adaptiveWeight2,0.0016193389892578125,1.0967254638671875e-05,0.6567842960357666,8.810239315032959,0.005050182342529297,5.7220458984375e-06,0.0013267993927001953
adaptiveWeight2,0.0032265186309814453,1.9550323486328125e-05,0.7681615352630615,7.324255466461182,0.010600566864013672,2.86102294921875e-06,0.0011072158813476562
adaptiveWeight2,0.0024099349975585938,1.1444091796875e-05,0.5466864109039307,6.494519948959351,0.016870737075805664,3.5762786865234375e-06,0.0017871856689453125
adaptiveWeight2,0.0021343231201171875,1.8358230590820312e-05,1.1766395568847656,7.1034746170043945,0.012618541717529297,1.0013580322265625e-05,0.0019392967224121094
adaptiveWeight2,0.0045855045318603516,3.4332275390625e-05,0.6880228519439697,7.321438789367676,0.003062009811401367,6.67572021484375e-06,0.0016129016876220703
adaptiveWeight2,0.003261089324951172,1.9073486328125e-05,0.45374321937561035,6.3706114292144775,0.011850833892822266,3.5762786865234375e-06,0.014645099639892578
adaptiveWeight2,0.002123594284057617,1.5497207641601562e-05,0.5702841281890869,5.394846200942993,0.004331111907958984,9.298324584960938e-06,0.0019407272338867188
adaptiveWeight2,0.0013883113861083984,1.8596649169921875e-05,0.764864444732666,7.372866630554199,0.004538297653198242,5.245208740234375e-06,0.001184701919555664
adaptiveWeight2,0.01178288459777832,1.1682510375976562e-05,0.7165672779083252,8.211395740509033,0.004029750823974609,2.86102294921875e-06,0.001191854476928711
adaptiveWeight2,0.0018618106842041016,1.2874603271484375e-05,0.5635268688201904,7.854901552200317,0.0107421875,4.0531158447265625e-06,0.0013170242309570312
adaptiveWeight2,0.0025942325592041016,1.7404556274414062e-05,0.6891117095947266,6.101541757583618,0.0037178993225097656,2.1457672119140625e-06,0.0011610984802246094
adaptiveWeight2,0.0025014877319335938,1.52587890625e-05,0.6546382904052734,8.411569118499756,0.004768848419189453,3.5762786865234375e-06,0.0012481212615966797
adaptiveWeight2,0.0019540786743164062,1.2874603271484375e-05,0.8312041759490967,7.817245960235596,0.00450897216796875,5.0067901611328125e-06,0.0013194084167480469
adaptiveWeight2,0.0027136802673339844,1.621246337890625e-05,0.5952606201171875,5.848017692565918,0.003393411636352539,2.1457672119140625e-06,0.0008816719055175781
adaptiveWeight2,0.0022144317626953125,1.4066696166992188e-05,0.5656976699829102,4.848072290420532,0.05903172492980957,2.86102294921875e-06,0.0009098052978515625
adaptiveWeight2,0.0017583370208740234,1.8835067749023438e-05,0.8327395915985107,7.2086474895477295,0.005064487457275391,3.0994415283203125e-06,0.0010232925415039062
adaptiveWeight2,0.004334211349487305,2.86102294921875e-05,0.7709095478057861,6.600046634674072,0.012344837188720703,4.0531158447265625e-06,0.0011816024780273438
adaptiveWeight2,0.0017414093017578125,1.0013580322265625e-05,0.4372706413269043,4.875463247299194,0.019279003143310547,2.86102294921875e-06,0.0011858940124511719
adaptiveWeight2,0.002365589141845703,1.1444091796875e-05,0.4232516288757324,6.181246042251587,0.004888296127319336,2.86102294921875e-06,0.0012774467468261719
adaptiveWeight2,0.0016627311706542969,1.2874603271484375e-05,1.0315840244293213,9.844796895980835,0.01628875732421875,6.198883056640625e-06,0.0013730525970458984
adaptiveWeight2,0.008377552032470703,1.239776611328125e-05,0.6005697250366211,7.835069894790649,0.012502193450927734,3.337860107421875e-06,0.0012459754943847656
adaptiveWeight2,0.002384662628173828,1.811981201171875e-05,0.5220842361450195,6.884178161621094,0.004248380661010742,4.76837158203125e-06,0.0011284351348876953
adaptiveWeight2,0.002787351608276367,1.3828277587890625e-05,0.5519416332244873,6.120519638061523,0.01706218719482422,4.0531158447265625e-06,0.0011124610900878906
adaptiveWeight2,0.0029413700103759766,2.2649765014648438e-05,0.6870098114013672,7.38679051399231,0.017928600311279297,4.5299530029296875e-06,0.0017518997192382812
adaptiveWeight2,0.0034770965576171875,1.8835067749023438e-05,0.5509762763977051,6.1832921504974365,0.005063295364379883,4.5299530029296875e-06,0.0012772083282470703
adaptiveWeight2,0.0026280879974365234,1.3113021850585938e-05,0.5405652523040771,6.25995659828186,0.0043642520904541016,2.6226043701171875e-06,0.0010533332824707031
adaptiveWeight2,0.0019881725311279297,1.0251998901367188e-05,0.616382360458374,4.8668622970581055,0.004019975662231445,2.86102294921875e-06,0.0008611679077148438
adaptiveWeight2,0.002855062484741211,1.52587890625e-05,0.6050293445587158,8.014570236206055,0.005251884460449219,4.5299530029296875e-06,0.0014526844024658203
selectiveTransitions2,0.0023965835571289062,3.5762786865234375e-06,0.9357106685638428,18.07939314842224,0.027640104293823242,4.291534423828125e-06,0.0008823871612548828
selectiveTransitions2,0.0023946762084960938,3.337860107421875e-06,0.4122738838195801,14.316321849822998,0.010894536972045898,3.5762786865234375e-06,0.0009307861328125
selectiveTransitions2,0.002248048782348633,2.86102294921875e-06,0.3636806011199951,12.164164781570435,0.01477813720703125,3.814697265625e-06,0.0009560585021972656
selectiveTransitions2,0.0024611949920654297,4.291534423828125e-06,0.7634766101837158,16.400918006896973,0.013161897659301758,5.9604644775390625e-06,0.00098419189453125
selectiveTransitions2,0.0023496150970458984,3.0994415283203125e-06,0.514686107635498,14.736137390136719,0.008649826049804688,5.245208740234375e-06,0.0008642673492431641
selectiveTransitions2,0.0021576881408691406,2.6226043701171875e-06,0.4366905689239502,17.469751119613647,0.0164949893951416,5.245208740234375e-06,0.0010313987731933594
selectiveTransitions2,0.0023031234741210938,2.86102294921875e-06,0.4813549518585205,15.544346809387207,0.002584695816040039,2.6226043701171875e-06,0.0007815361022949219
selectiveTransitions2,0.003929853439331055,6.198883056640625e-06,1.174333095550537,20.051340341567993,0.00922393798828125,3.5762786865234375e-06,0.0009195804595947266
selectiveTransitions2,0.002335786819458008,2.6226043701171875e-06,0.5018768310546875,17.552391529083252,0.01605701446533203,3.0994415283203125e-06,0.0008912086486816406
selectiveTransitions2,0.002173900604248047,2.1457672119140625e-06,0.4366743564605713,16.87512969970703,0.00469970703125,3.0994415283203125e-06,0.0009033679962158203
selectiveTransitions2,0.002180814743041992,2.384185791015625e-06,0.4621303081512451,10.542675495147705,0.015138387680053711,2.1457672119140625e-06,0.0007512569427490234
selectiveTransitions2,0.003169536590576172,4.5299530029296875e-06,0.7794487476348877,16.27298402786255,0.01824808120727539,3.814697265625e-06,0.0011818408966064453
selectiveTransitions2,0.003366708755493164,3.0994415283203125e-06,0.5548768043518066,13.13278579711914,0.019658327102661133,4.0531158447265625e-06,0.0009965896606445312
selectiveTransitions2,0.0027108192443847656,3.5762786865234375e-06,0.3220040798187256,13.616464853286743,0.017508983612060547,2.86102294921875e-06,0.0009262561798095703
selectiveTransitions2,0.0023238658905029297,2.1457672119140625e-06,0.39926767349243164,13.105985403060913,0.017778873443603516,3.0994415283203125e-06,0.0009136199951171875
selectiveTransitions2,0.003424406051635742,4.291534423828125e-06,0.8481178283691406,21.70878791809082,0.013388633728027344,3.5762786865234375e-06,0.0009324550628662109
selectiveTransitions2,0.0018954277038574219,2.1457672119140625e-06,0.6200072765350342,17.105369091033936,0.0035338401794433594,4.0531158447265625e-06,0.0010342597961425781
selectiveTransitions2,0.0027310848236083984,3.5762786865234375e-06,0.42413878440856934,15.03138256072998,0.023969173431396484,3.814697265625e-06,0.0010478496551513672
selectiveTransitions2,0.002569437026977539,1.9073486328125e-06,0.5516238212585449,12.877126932144165,0.011751651763916016,2.1457672119140625e-06,0.0007276535034179688
selectiveTransitions2,0.002699613571166992,4.291534423828125e-06,0.6547036170959473,21.04184865951538,0.012315988540649414,4.291534423828125e-06,0.0012733936309814453
selectiveTransitions2,0.003388643264770508,4.0531158447265625e-06,0.6504762172698975,14.817180156707764,0.0002579689025878906,3.0994415283203125e-06,0.00048065185546875
selectiveTransitions2,0.0039365291595458984,4.76837158203125e-06,0.3766481876373291,12.495981454849243,0.0002231597900390625,2.1457672119140625e-06,0.0003662109375
selectiveTransitions2,0.0022399425506591797,2.1457672119140625e-06,0.3636033535003662,12.362516641616821,0.00020956993103027344,2.6226043701171875e-06,0.00038814544677734375
selectiveTransitions2,0.003008127212524414,3.814697265625e-06,0.6735012531280518,16.939154386520386,0.00023698806762695312,2.86102294921875e-06,0.000774383544921875
selectiveTransitions2,0.002234935760498047,2.1457672119140625e-06,0.381880521774292,13.661208391189575,9.5367431640625e-05,1.430511474609375e-06,0.00030350685119628906
selectiveTransitions2,0.0016472339630126953,2.384185791015625e-06,0.5031967163085938,16.436368227005005,0.00020170211791992188,2.1457672119140625e-06,0.00030541419982910156
selectiveTransitions2,0.0015141963958740234,1.1920928955078125e-06,0.4363269805908203,15.98708438873291,0.00019693374633789062,2.1457672119140625e-06,0.00033354759216308594
selectiveTransitions2,0.003547191619873047,4.76837158203125e-06,0.9119632244110107,19.915575981140137,0.00024890899658203125,2.86102294921875e-06,0.00044846534729003906
selectiveTransitions2,0.0023910999298095703,2.6226043701171875e-06,0.3857851028442383,16.48666214942932,0.00011134147644042969,2.1457672119140625e-06,0.00031685829162597656
selectiveTransitions2,0.0017795562744140625,1.9073486328125e-06,0.643190860748291,14.466881036758423,0.0002582073211669922,3.0994415283203125e-06,0.0004353523254394531
selectiveTransitions2,0.0024018287658691406,2.1457672119140625e-06,0.3306856155395508,9.553019046783447,0.00019860267639160156,1.9073486328125e-06,0.00034737586975097656
selectiveTransitions2,0.002112865447998047,3.0994415283203125e-06,0.695441722869873,16.197097778320312,0.0002620220184326172,1.6689300537109375e-06,0.0004405975341796875
selectiveTransitions2,0.002395153045654297,2.6226043701171875e-06,0.3411984443664551,13.92889404296875,0.00023937225341796875,1.9073486328125e-06,0.0004372596740722656
selectiveTransitions2,0.0025107860565185547,1.9073486328125e-06,0.4573791027069092,13.358781814575195,0.0002269744873046875,1.1920928955078125e-06,0.0003895759582519531
selectiveTransitions2,0.002523660659790039,5.7220458984375e-06,0.29985475540161133,13.451485633850098,0.00023484230041503906,1.6689300537109375e-06,0.0004119873046875
selectiveTransitions3,0.0015053749084472656,3.0994415283203125e-06,0.7339291572570801,16.949082374572754,0.010263919830322266,4.0531158447265625e-06,0.0008940696716308594
selectiveTransitions3,0.014010190963745117,4.0531158447265625e-06,0.5106930732727051,13.252697467803955,0.032559871673583984,5.7220458984375e-06,0.0009372234344482422
selectiveTransitions3,0.0024018287658691406,7.152557373046875e-06,0.47226834297180176,11.873224973678589,0.010817766189575195,4.0531158447265625e-06,0.0009894371032714844
selectiveTransitions3,0.002337217330932617,3.5762786865234375e-06,0.2930638790130615,11.40734577178955,0.09542608261108398,5.0067901611328125e-06,0.0012919902801513672
selectiveTransitions3,0.003347158432006836,4.0531158447265625e-06,0.5872805118560791,17.008622884750366,0.0023987293243408203,3.814697265625e-06,0.0009915828704833984
selectiveTransitions3,0.0022623538970947266,2.384185791015625e-06,0.6422114372253418,17.50332999229431,0.003227710723876953,5.0067901611328125e-06,0.0010552406311035156
selectiveTransitions3,0.002373933792114258,2.6226043701171875e-06,0.4239373207092285,14.157447099685669,0.0026917457580566406,2.6226043701171875e-06,0.0005986690521240234
selectiveTransitions3,0.001438140869140625,1.6689300537109375e-06,0.4457125663757324,14.507854223251343,0.02590775489807129,3.0994415283203125e-06,0.0007205009460449219
selectiveTransitions3,0.0017981529235839844,3.337860107421875e-06,0.6813180446624756,19.72138738632202,0.0041332244873046875,5.0067901611328125e-06,0.0010590553283691406
selectiveTransitions3,0.00281524658203125,3.0994415283203125e-06,0.5408756732940674,16.075592279434204,0.022898197174072266,6.9141387939453125e-06,0.001142263412475586
selectiveTransitions3,0.002757549285888672,4.0531158447265625e-06,0.5685365200042725,13.577741622924805,0.013262510299682617,4.5299530029296875e-06,0.0008618831634521484
selectiveTransitions3,0.0027408599853515625,2.384185791015625e-06,0.31183648109436035,11.303901433944702,0.02331066131591797,6.4373016357421875e-06,0.0015115737915039062
selectiveTransitions3,0.0033342838287353516,4.0531158447265625e-06,0.6170756816864014,15.76207184791565,0.010047674179077148,3.0994415283203125e-06,0.0010569095611572266
selectiveTransitions3,0.003831624984741211,2.86102294921875e-06,0.516716718673706,14.56195878982544,0.014276266098022461,3.5762786865234375e-06,0.0009768009185791016
selectiveTransitions3,0.002251148223876953,2.86102294921875e-06,0.4688074588775635,12.760316848754883,0.013113260269165039,4.5299530029296875e-06,0.0008454322814941406
selectiveTransitions3,0.002881288528442383,8.821487426757812e-06,0.568206787109375,15.342080116271973,0.004290103912353516,3.0994415283203125e-06,0.0007526874542236328
selectiveTransitions3,0.001988649368286133,3.0994415283203125e-06,0.5622618198394775,17.348673820495605,0.0048024654388427734,2.86102294921875e-06,0.0008947849273681641
selectiveTransitions3,0.002044677734375,2.6226043701171875e-06,0.4584376811981201,16.70993185043335,0.020129919052124023,4.0531158447265625e-06,0.0007545948028564453
selectiveTransitions3,0.0018467903137207031,1.6689300537109375e-06,0.4950270652770996,16.172054767608643,0.03225588798522949,2.86102294921875e-06,0.0010485649108886719
selectiveTransitions3,0.0024073123931884766,2.86102294921875e-06,0.41316723823547363,12.818922519683838,0.032799720764160156,3.337860107421875e-06,0.0006899833679199219
selectiveTransitions3,0.0019593238830566406,3.5762786865234375e-06,0.4436147212982178,16.20990252494812,0.005840778350830078,4.291534423828125e-06,0.0011026859283447266
selectiveTransitions3,0.0026357173919677734,2.86102294921875e-06,0.5391919612884521,13.24702763557434,0.01704716682434082,4.0531158447265625e-06,0.0007381439208984375
selectiveTransitions3,0.0019466876983642578,5.0067901611328125e-06,0.4540560245513916,14.079841375350952,0.02439093589782715,3.337860107421875e-06,0.0011072158813476562
selectiveTransitions3,0.002653360366821289,2.384185791015625e-06,0.38145017623901367,11.87167477607727,0.023538589477539062,3.5762786865234375e-06,0.0010306835174560547
selectiveTransitions3,0.0040836334228515625,4.76837158203125e-06,0.4319026470184326,15.31382155418396,0.009429931640625,2.86102294921875e-06,0.0008692741394042969
selectiveTransitions3,0.002297639846801758,2.1457672119140625e-06,0.46368408203125,17.76597762107849,0.00020837783813476562,1.6689300537109375e-06,0.00030541419982910156
selectiveTransitions3,0.00176239013671875,1.9073486328125e-06,0.4452950954437256,16.991905212402344,0.0002541542053222656,1.430511474609375e-06,0.0004551410675048828
selectiveTransitions3,0.002454042434692383,2.86102294921875e-06,0.3864316940307617,9.438439846038818,0.000232696533203125,1.430511474609375e-06,0.0004050731658935547
selectiveTransitions3,0.0034494400024414062,4.291534423828125e-06,0.695396900177002,19.606621265411377,0.0002655982971191406,2.1457672119140625e-06,0.00046944618225097656
selectiveTransitions3,0.0024046897888183594,2.1457672119140625e-06,0.41363048553466797,17.10258936882019,0.00024962425231933594,1.6689300537109375e-06,0.00042438507080078125
selectiveTransitions3,0.0023026466369628906,2.384185791015625e-06,0.28786563873291016,12.180755376815796,0.00024008750915527344,1.430511474609375e-06,0.00040149688720703125
selectiveTransitions3,0.002360105514526367,1.9073486328125e-06,0.3569929599761963,7.5126731395721436,0.00020051002502441406,1.430511474609375e-06,0.00040721893310546875
selectiveTransitions3,0.002118349075317383,3.0994415283203125e-06,0.43826937675476074,15.935064792633057,0.0001468658447265625,1.9073486328125e-06,0.0003457069396972656
selectiveTransitions3,0.001786947250366211,2.6226043701171875e-06,0.42308974266052246,12.293858289718628,0.0002238750457763672,1.430511474609375e-06,0.00038886070251464844
selectiveTransitions3,0.002083301544189453,1.6689300537109375e-06,0.30415940284729004,14.372976064682007,0.00027489662170410156,3.0994415283203125e-06,0.0004980564117431641
selectiveTransitions4,0.0032749176025390625,4.0531158447265625e-06,0.38851261138916016,12.62601375579834,0.014962911605834961,5.7220458984375e-06,0.0010488033294677734
selectiveTransitions4,0.0015213489532470703,3.0994415283203125e-06,0.36940550804138184,15.935476541519165,0.0025076866149902344,4.0531158447265625e-06,0.0008356571197509766
selectiveTransitions4,0.0017781257629394531,3.5762786865234375e-06,0.3211550712585449,14.454632997512817,0.007436037063598633,6.67572021484375e-06,0.0011284351348876953
selectiveTransitions4,0.002525806427001953,3.0994415283203125e-06,0.3262016773223877,13.410342931747437,0.03172492980957031,6.4373016357421875e-06,0.0012705326080322266
selectiveTransitions4,0.0032591819763183594,4.291534423828125e-06,0.46789121627807617,11.750134706497192,0.005506753921508789,3.337860107421875e-06,0.0007061958312988281
selectiveTransitions4,0.0022840499877929688,3.5762786865234375e-06,0.7567956447601318,17.22177290916443,0.009612798690795898,1.6689300537109375e-06,0.0006558895111083984
selectiveTransitions4,0.0016813278198242188,1.1920928955078125e-06,0.4251542091369629,16.6214439868927,0.017401456832885742,3.337860107421875e-06,0.0009784698486328125
selectiveTransitions4,0.0023789405822753906,6.4373016357421875e-06,0.47913694381713867,16.04526925086975,0.011103630065917969,2.6226043701171875e-06,0.0012307167053222656
selectiveTransitions4,0.003213167190551758,7.62939453125e-06,0.4673893451690674,10.998338222503662,0.016898393630981445,1.6689300537109375e-06,0.0006549358367919922
selectiveTransitions4,0.0027632713317871094,3.5762786865234375e-06,0.7877922058105469,18.78990340232849,0.018110990524291992,2.6226043701171875e-06,0.0010173320770263672
selectiveTransitions4,0.002149820327758789,2.6226043701171875e-06,0.3902714252471924,13.502620220184326,0.01588273048400879,3.337860107421875e-06,0.0009548664093017578
selectiveTransitions4,0.0021369457244873047,2.1457672119140625e-06,0.307875394821167,13.052409172058105,0.01764059066772461,1.6689300537109375e-06,0.0006973743438720703
selectiveTransitions4,0.001691579818725586,1.9073486328125e-06,0.3110802173614502,9.69646406173706,0.014016389846801758,1.9073486328125e-06,0.0006368160247802734
selectiveTransitions4,0.001848459243774414,3.5762786865234375e-06,0.47907447814941406,14.811982870101929,0.004364013671875,2.1457672119140625e-06,0.0009584426879882812
selectiveTransitions4,0.0022161006927490234,2.384185791015625e-06,0.4726102352142334,14.207761287689209,0.017409324645996094,2.384185791015625e-06,0.0009655952453613281
selectiveTransitions4,0.002325296401977539,2.6226043701171875e-06,0.4824249744415283,17.180700063705444,0.010637044906616211,2.1457672119140625e-06,0.0007297992706298828
selectiveTransitions4,0.0017762184143066406,1.6689300537109375e-06,0.3615245819091797,12.285695314407349,0.01688408851623535,2.384185791015625e-06,0.0007081031799316406
selectiveTransitions4,0.0019307136535644531,2.86102294921875e-06,0.7316436767578125,20.768984079360962,0.015294313430786133,6.9141387939453125e-06,0.0009450912475585938
selectiveTransitions4,0.0023217201232910156,3.337860107421875e-06,0.497974157333374,17.498472690582275,0.017926692962646484,3.5762786865234375e-06,0.0007593631744384766
selectiveTransitions4,0.0018889904022216797,1.9073486328125e-06,0.4830200672149658,13.946461915969849,0.009293794631958008,3.337860107421875e-06,0.0008027553558349609
selectiveTransitions4,0.001882791519165039,2.384185791015625e-06,0.3573338985443115,7.375288724899292,0.0030982494354248047,2.86102294921875e-06,0.0006957054138183594
selectiveTransitions4,0.002034425735473633,3.0994415283203125e-06,0.44511985778808594,15.719954490661621,0.0032804012298583984,3.0994415283203125e-06,0.0008914470672607422
selectiveTransitions4,0.002078533172607422,2.1457672119140625e-06,0.31201791763305664,12.236450433731079,0.06260919570922852,2.384185791015625e-06,0.0006992816925048828
selectiveTransitions4,0.0023126602172851562,2.86102294921875e-06,0.39956235885620117,13.590256214141846,0.018950223922729492,2.6226043701171875e-06,0.0009601116180419922
selectiveTransitions4,0.002199888229370117,2.6226043701171875e-06,0.387073278427124,12.273438692092896,0.013462066650390625,1.9073486328125e-06,0.0006875991821289062
selectiveTransitions4,0.0017361640930175781,2.86102294921875e-06,0.44762635231018066,18.807718992233276,0.003926753997802734,2.384185791015625e-06,0.0009191036224365234
selectiveTransitions4,0.0018157958984375,2.6226043701171875e-06,0.39565300941467285,17.848140954971313,0.028137683868408203,2.86102294921875e-06,0.0007302761077880859
selectiveTransitions4,0.0018115043640136719,1.6689300537109375e-06,0.3926675319671631,16.095613956451416,0.025267839431762695,3.5762786865234375e-06,0.0007290840148925781
selectiveTransitions4,0.001988649368286133,2.384185791015625e-06,0.32602357864379883,8.82363486289978,0.12463879585266113,3.814697265625e-06,0.0007889270782470703
selectiveTransitions4,0.0022058486938476562,2.86102294921875e-06,0.3961448669433594,17.608742237091064,0.03688406944274902,2.1457672119140625e-06,0.0009615421295166016
selectiveTransitions4,0.002321481704711914,2.1457672119140625e-06,0.6256740093231201,14.416550397872925,0.022930383682250977,3.814697265625e-06,0.0010342597961425781
selectiveTransitions4,0.002356290817260742,2.1457672119140625e-06,0.5432784557342529,12.43274211883545,0.025155067443847656,5.0067901611328125e-06,0.0010974407196044922
selectiveTransitions4,0.00247955322265625,1.9073486328125e-06,0.3807985782623291,9.566308498382568,0.01680135726928711,3.0994415283203125e-06,0.0007205009460449219
selectiveTransitions4,0.002398252487182617,2.6226043701171875e-06,0.43084096908569336,15.267063617706299,0.037369489669799805,3.5762786865234375e-06,0.0012390613555908203
selectiveTransitions4,0.002803325653076172,8.106231689453125e-06,0.4084811210632324,14.38354754447937,0.04267096519470215,3.337860107421875e-06,0.0011086463928222656
selectiveTransitions5,0.0022003650665283203,2.6226043701171875e-06,0.4739112854003906,12.430484533309937,0.016884803771972656,3.337860107421875e-06,0.0010066032409667969
selectiveTransitions5,0.002373218536376953,3.5762786865234375e-06,0.368257999420166,10.286245822906494,0.014185190200805664,3.5762786865234375e-06,0.0007188320159912109
selectiveTransitions5,0.0016562938690185547,2.86102294921875e-06,0.48835134506225586,13.901235103607178,0.006614208221435547,3.814697265625e-06,0.0009970664978027344
selectiveTransitions5,0.0021882057189941406,2.384185791015625e-06,0.5479772090911865,14.148079872131348,0.014441490173339844,3.814697265625e-06,0.0010111331939697266
selectiveTransitions5,0.0022630691528320312,2.384185791015625e-06,0.3847534656524658,14.558268070220947,0.009008169174194336,4.5299530029296875e-06,0.001018524169921875
selectiveTransitions5,0.0022377967834472656,2.384185791015625e-06,0.5416955947875977,11.810458183288574,0.014644384384155273,2.6226043701171875e-06,0.0007190704345703125
selectiveTransitions5,0.0033922195434570312,3.0994415283203125e-06,0.4741652011871338,15.532184600830078,0.017823457717895508,4.76837158203125e-06,0.0011289119720458984
selectiveTransitions5,0.002528667449951172,7.152557373046875e-06,0.6719460487365723,18.119818210601807,0.024356842041015625,3.5762786865234375e-06,0.0009872913360595703
selectiveTransitions5,0.002213001251220703,2.1457672119140625e-06,0.5673785209655762,14.67309045791626,0.013942480087280273,2.1457672119140625e-06,0.0007574558258056641
selectiveTransitions5,0.00182342529296875,1.6689300537109375e-06,0.3959813117980957,8.624773263931274,0.009559869766235352,1.9073486328125e-06,0.0006680488586425781
selectiveTransitions5,0.0016870498657226562,2.6226043701171875e-06,0.5054428577423096,14.706199884414673,0.004305839538574219,3.5762786865234375e-06,0.0013058185577392578
selectiveTransitions5,0.003173351287841797,4.291534423828125e-06,0.5847368240356445,12.8746018409729,0.031377553939819336,4.76837158203125e-06,0.0010211467742919922
selectiveTransitions5,0.002203226089477539,2.384185791015625e-06,0.3949093818664551,13.416929244995117,0.030774593353271484,4.0531158447265625e-06,0.013094663619995117
selectiveTransitions5,0.0020818710327148438,2.384185791015625e-06,0.4203157424926758,9.169067621231079,0.0025234222412109375,1.6689300537109375e-06,0.0006985664367675781
selectiveTransitions5,0.002676248550415039,3.5762786865234375e-06,0.4392397403717041,13.956528663635254,0.01590418815612793,4.0531158447265625e-06,0.001058816909790039
selectiveTransitions5,0.0025408267974853516,3.814697265625e-06,0.5428740978240967,18.07021689414978,0.016983509063720703,4.0531158447265625e-06,0.0007793903350830078
selectiveTransitions5,0.001972675323486328,1.9073486328125e-06,0.43322205543518066,13.946012496948242,0.015316486358642578,3.5762786865234375e-06,0.0007765293121337891
selectiveTransitions5,0.0018529891967773438,1.9073486328125e-06,0.3360929489135742,9.563621282577515,0.014629125595092773,2.6226043701171875e-06,0.0006587505340576172
selectiveTransitions5,0.002383708953857422,2.86102294921875e-06,0.49901700019836426,15.599182844161987,0.03203320503234863,7.152557373046875e-06,0.0014560222625732422
selectiveTransitions5,0.004306793212890625,3.5762786865234375e-06,0.5517668724060059,18.656689643859863,0.045320987701416016,4.76837158203125e-06,0.001352548599243164
selectiveTransitions5,0.0023009777069091797,3.0994415283203125e-06,0.4462471008300781,13.303887128829956,0.020068645477294922,2.86102294921875e-06,0.0007688999176025391
selectiveTransitions5,0.0018358230590820312,1.6689300537109375e-06,0.27772092819213867,6.902144432067871,0.01615285873413086,1.6689300537109375e-06,0.0006961822509765625
selectiveTransitions5,0.0016922950744628906,2.1457672119140625e-06,0.42037010192871094,14.929406881332397,0.028803110122680664,3.337860107421875e-06,0.001085042953491211
selectiveTransitions5,0.0023398399353027344,2.6226043701171875e-06,0.4256908893585205,12.983259916305542,0.027202844619750977,4.5299530029296875e-06,0.0011112689971923828
selectiveTransitions5,0.0024526119232177734,2.384185791015625e-06,0.48406338691711426,12.126473665237427,0.0250241756439209,3.0994415283203125e-06,0.0010540485382080078
selectiveTransitions5,0.002587556838989258,2.86102294921875e-06,0.47699499130249023,10.925456762313843,0.018677949905395508,2.384185791015625e-06,0.0007700920104980469
selectiveTransitions5,0.0023648738861083984,3.337860107421875e-06,0.7199075222015381,17.24117636680603,0.017391443252563477,3.5762786865234375e-06,0.0010654926300048828
selectiveTransitions5,0.0021941661834716797,2.384185791015625e-06,0.38220739364624023,17.118601083755493,0.006024837493896484,4.291534423828125e-06,0.0011546611785888672
selectiveTransitions5,0.0026886463165283203,2.6226043701171875e-06,0.4928255081176758,13.35157036781311,0.015051603317260742,3.5762786865234375e-06,0.0007510185241699219
selectiveTransitions5,0.0019032955169677734,4.291534423828125e-06,0.30678606033325195,8.072420835494995,0.0049953460693359375,9.5367431640625e-07,0.0006349086761474609
selectiveTransitions5,0.0020127296447753906,2.384185791015625e-06,0.4943387508392334,14.21276044845581,0.028600454330444336,3.5762786865234375e-06,0.0012814998626708984
selectiveTransitions5,0.002470254898071289,5.9604644775390625e-06,0.4181249141693115,13.302427768707275,0.023051977157592773,4.0531158447265625e-06,0.0010783672332763672
selectiveTransitions5,0.0022928714752197266,2.1457672119140625e-06,0.3980097770690918,13.976594924926758,0.025504589080810547,5.7220458984375e-06,0.0012886524200439453
selectiveTransitions5,0.0030188560485839844,2.86102294921875e-06,0.33669447898864746,8.334982872009277,0.02297186851501465,3.337860107421875e-06,0.0006999969482421875
selectiveTransitions5,0.0018970966339111328,2.1457672119140625e-06,0.4818551540374756,14.650229930877686,0.026479244232177734,2.6226043701171875e-06,0.0010666847229003906
